
-- Insert sample data into the tables for demo

-- Insert data in Passenger table -----
INSERT INTO PassengerMaster VALUES
(547298, 'Krish', 28, 'Male', 'Kolkata'),
(547300, 'klk', 26, 'Male', 'Indore'),
(547301, 'Riya', 25, 'Female', 'Mumbai'),
(547302, 'Aman', 29, 'Male', 'Delhi'),
(547303, 'Sneha', 26, 'Female', 'Indore'),
(547304, 'Raj', 25, 'Male', 'Patna'),
(547305, 'Pooja', 37, 'Female', 'Patna'),
(547306, 'Vikram', 26, 'Male', 'Chennai'),
(547307, 'Meera', 42, 'Female', 'Lucknow'),
(547308, 'Arjun', 20, 'Male', 'Kolkata'),
(547309, 'Nisha', 39, 'Female', 'Bangalore');

-- Insert data in Account-----------
INSERT INTO AccountMaster VALUES
(547298, 1200.00, 'TC178267', '2017-06-08'),
(547300, 599.12, 'TC1000', '2025-07-10'),
(547301, 1402.37, 'TC1001', '2025-07-10'),
(547302, 658.24, 'TC1002', '2025-07-10'),
(547303, 687.4, 'TC1003', '2025-07-10'),
(547304, 1081.46, 'TC1004', '2025-07-10'),
(547305, 628.97, 'TC1005', '2025-07-10'),
(547306, 1043.54, 'TC1006', '2025-07-10'),
(547307, 1145.55, 'TC1007', '2025-07-10'),
(547308, 700.6, 'TC1008', '2025-07-10'),
(547309, 919.78, 'TC1009', '2025-07-10');


-- Insert data in Journey table --------
INSERT INTO Journey_Details VALUES
(547298, 'Kolkata', 'Patna', '2025-07-20 20:33:10', '2025-07-21 07:30:15', 'B3,56', 79216,'2AC'),
(547300, 'Patna', 'Lucknow', '2025-07-20 20:00:00', '2025-07-21 07:00:00', 'S5,12', 79000, 'Sleeper'),
(547301, 'Bangalore', 'Indore', '2025-07-20 21:00:00', '2025-07-21 07:00:00', 'B2,45', 79001, '2AC'),
(547302, 'Bangalore', 'Patna', '2025-07-20 22:00:00', '2025-07-21 05:00:00', 'B3,56', 79002, '3AC'),
(547303, 'Chennai', 'Mumbai', '2025-07-20 23:00:00', '2025-07-21 08:00:00', 'S1,23', 79003, '1AC'),
(547304, 'Chennai', 'Kolkata', '2025-07-21 00:00:00', '2025-07-21 09:00:00', 'S2,34', 79004, 'Sleeper'),
(547305, 'Chennai', 'Bangalore', '2025-07-21 01:00:00', '2025-07-21 08:00:00', 'S3,67', 79005, '2AC'),
(547306, 'Kolkata', 'Indore', '2025-07-21 02:00:00', '2025-07-21 12:00:00', 'A1,78', 79006, '3AC'),
(547307, 'Jaipur', 'Bangalore', '2025-07-21 03:00:00', '2025-07-21 14:00:00', 'A2,90', 79007, '1AC'),
(547308, 'Indore', 'Hyderabad', '2025-07-21 04:00:00', '2025-07-21 14:00:00', 'C1,22', 79008, 'Sleeper'),
(547309, 'Bangalore', 'Chennai', '2025-07-21 05:00:00', '2025-07-21 15:00:00', 'C2,11', 79009, '2AC');